0	5	i bought sever vital can dog food product found good qualiti the product look like stew process meat smell better my labrador finicki appreci product better
1	1	product arriv label jumbo salt peanut peanut actual small size unsalt not sure error vendor intend repres product jumbo
2	4	this confect around centuri it light pillowi citrus gelatin nut case filbert and cut tini squar liber coat powder sugar and tini mouth heaven not chewi flavor i high recommend yummi treat if familiar stori c s lewi the lion the witch the wardrob treat seduc edmund sell brother sister witch
3	2	if look secret ingredi robitussin i believ i found i got addit root beer extract i order good made cherri soda the flavor medicin
4	5	great taffi great price there wide assort yummi taffi deliveri quick if taffi lover deal
5	4	i got wild hair taffi order five pound bag the taffi enjoy mani flavor watermelon root beer melon peppermint grape etc my complaint bit much red black licoric flavor piec particular favorit between kid husband last two week i would recommend brand taffi delight treat
6	5	this saltwat taffi great flavor soft chewi each candi individu wrap well none candi stuck togeth happen expens version fraling would high recommend candi i serv beach theme parti everyon love
7	5	this taffi good it soft chewi the flavor amaz i would definit recommend buy veri satisfi
8	5	right i most sprout cat eat grass they love i rotat around wheatgrass rye
9	5	this healthi dog food good digest also good small puppi my dog eat requir amount everi feed
10	5	i know cactus tequila uniqu combin ingredi flavour hot sauc make one kind we pick bottl trip brought back home us total blown away when realiz simpli find anywher citi bum br br now magic internet case sauc ecstat br br if love hot sauc i mean realli love hot sauc want sauc tasteless burn throat grab bottl tequila picant gourmet de inclan just realiz tast never want use sauc br br thank person incred servic
11	5	one boy need lose weight i put food floor chubbi guy protein rich product food higher skinni boy jump the higher food sit go stale they realli go food and chubbi boy lose ounc week
12	1	my cat happili eat felida platinum two year i got new bag shape food differ they tri new food i first put bowl bowl sit full kitti touch food i notic similar review relat formula chang past unfortun i need find new food cat eat
13	4	good flavor came secur pack fresh delici love twizzler
14	5	the strawberri twizzler guilti pleasur yummi six pound around son i
15	5	my daughter love twizzler shipment six pound realli hit spot it exact would expect six packag strawberri twizzler
16	2	i love eat good watch tv look movi it sweet i like transfer zip lock baggi stay fresh i take time eat
17	5	i satisfi twizzler purchas i share other enjoy i definit order
18	5	twizzler strawberri childhood favorit candi made lancast pennsylvania y s candi inc one oldest confectioneri firm unit state subsidiari hershey compani compani establish 1845 young smyli also make appl licoric twist green color blue raspberri licoric twist i like br br i keep dri cool place recommend put fridg accord guin book record longest licoric twist ever made measur 1 200 feet 370 m weight 100 pound 45 kg made y s candi inc this record break twist becam guin world record juli 19 1998 this product kosher thank you
19	5	candi deliv fast purchas reason price i home bound unabl get store perfect
20	5	my husband twizzler addict we bought mani time amazon govern employe live oversea get countri assign they alway fresh tasti pack well arriv time manner
21	5	i bought husband current oversea he love appar staff like also br there generous amount twizzler 16 ounc bag well worth price href http www amazon com gp product b001gvisjm twizzler strawberri 16 ounc bag pack 6
22	5	i rememb buy candi kid qualiti drop year still superb product disappoint
23	5	i love candi after weight watcher i cut back still crave
24	5	i live us 7 yrs i miss twizzler when i go back visit someon visit i alway stock all i say yum br sell mexico faith buyer often i abl buy right
25	5	product receiv advertis br br href http www amazon com gp product b001gvisjm twizzler strawberri 16 ounc bag pack 6
26	1	the candi red no flavor just plan chewi i would never buy
27	4	i glad amazon carri batteri i hard time find elsewher uniqu size i need garag door open br great deal price
28	5	i got mum diabet need watch sugar intak father simpli choos limit unnecessari sugar intak one sweet tooth love toffe would never guess sugar free great eat pretti much guilt free impress order w dark chocol take offic eat instead snack sugari sweet br these excel
29	5	i know cactus tequila uniqu combin ingredi flavour hot sauc make one kind we pick bottl trip brought back home us total blown away when realiz simpli find anywher citi bum br br now magic internet case sauc ecstat br br if love hot sauc i mean realli love hot sauc want sauc tasteless burn throat grab bottl tequila picant gourmet de inclan just realiz tast never want use sauc br br thank person incred servic
30	5	i never huge coffe fan howev mother purchas littl machin talk tri latt macciato no coffe shop better one i like product usual non coffe drinker br the littl dolch guesto machin super easi use prepar realli good coffe latt cappuccino etc less minut water heat i would recommend dolc gusto anyon too good price i get one
31	5	this offer great price great tast thank amazon sell product br br staral
32	4	mccann instant oatmeal great must oatmeal scrape togeth two three minut prepar there escap fact howev even best instant oatmeal nowher near good even store brand oatmeal requir stovetop prepar still mccann good get instant oatmeal it even better organ natur brand i tri all varieti mccann varieti pack tast good it prepar microwav ad boil water conveni extrem time issu br br mccann use actual cane sugar instead high fructos corn syrup help decid buy product real sugar tast better harm stuff one thing i like though mccann use thicken oat plus water plus heat make creami tasti oatmeal without need guar gum but conveni product mayb guar gum sit bowl instant mccann becom thick gluey
33	4	this good instant oatmeal best oatmeal brand it use cane sugar instead high fructous corn syrup better sweet doctor say form sugar better great cold morn time make mccann steel cut oat the appl cinnamon best mapl brown sugar regular good plus requir doctor actual tell three flavor apart
34	5	instant oatmeal becom soggi minut water hit bowl mccann instant oatmeal hold textur excel flavor good time mccann regular oat meal excel may take bit longer prepar time morn this best instant brand i ever eaten close second non instant varieti br br mccann instant irish oatmeal varieti pack regular appl cinnamon mapl brown sugar 10 count box pack 6
35	4	mccann instant irish oatmeal varieti pack regular appl cinnamon mapl brown sugar 10 count box pack 6 br br i fan mccann steel cut oat i thought i give instant varieti tri i found hardi meal sweet great folk like post bariatr surgeri need food palat easili digest fiber make bloat
36	5	for us celiac diseas product lifesav could better get almost half price groceri health food store i love mccann instant oatmeal flavor br br thank br abbi
37	5	what els need know oatmeal instant make half cup low fat milk add raisin nuke 90 second more expens kroger store brand oatmeal mayb littl tastier better textur someth it still oatmeal mmm conveni
38	4	i was visit my friend nate the other morn for coffe he came out of his storag room with a packet of mccann instant irish oatmeal he suggest that i tri it for my own use in my stash sometim nate dose not give you a chanc to say no so i end up tri the appl and cinn found it to be veri tasteful when made with water or powder milk it goe good with o j and coffe and a slice of toast and your readi to take on the world or the day at least jerri reith
39	5	i order wife reccomend daughter she almost everi morn like flavor she happi i happi br href http www amazon com gp product b001eo5qw8 mccann s instant irish oatmeal varieti pack regular appl cinnamon mapl brown sugar 10 count box pack 6
40	5	the varieti pack tast great br br i everi morn at 0 30 cent per meal i understand everyon earth buy stuff br br mapl brown sugar terrif follow appl cinnamon follow regular you get tire ole thing tast great br br i boil water small pot empti packet 2 bowl pour boil water watch expand 2x size br br tast realli good take minut prepar br br not sure everyon earth conveni healthi quick excel qualiti extrem cheap
41	5	mccann make oatmeal everi oatmeal connoisseur whether one like raw pellet state cook half hour sloth addl instant done microwav three minut it good sure beauti instant varieti avail differ flavor well regular br this varieti pack allow differ tast explor well give chanc experi differ mccann well known oatmeal what i person like mccann cook thicker bodi top brand america the appl cinnamon though tend littl liquidi may want experi amount water add in 1300watt microwav oatmeal cook one minut twenti seven second also watch get handl much time water use br the bad thing consid bad thing offer buy lot end six ten count box this good whole famili oatmeal eater singl person alon well love oatmeal
42	5	i mccann oatmeal everi morn order amazon i abl save almost 3 00 per box br it great product tast great healthi
43	5	mccann oatmeal good qualiti choic our favorit appl cinnamon find none over sugari for good hot breakfast 2 minut excel
44	5	we realli like mccann steel cut oat find cook often br this tast much better groceri store brand conveni br anyth keep eat oatmeal regular good thing
45	3	this seem littl wholesom supermarket brand somewhat mushi quit much flavor either it pass muster kid i probabl buy
46	5	good oatmeal i like appl cinnamon best though i follow direct packag sinc alway come soupi tast that could sinc i like oatmeal realli thick add milk top
47	3	the flavor good howev i see differc oaker oat brand mushi
48	4	i realli like mapl brown sugar flavor the regular fine brown sugar ad the appl cinnamon flavor ok this quick easi satisfi breakfast i order brand varieti i get mapl brown sugar
49	3	this stuff buy big box store there noth healthi it carb sugar save money get someth least tast
50	1	this oatmeal good it mushi soft i like quaker oat way go
51	5	got free packag bottl bloodi mari mix i bought seller advertis work lol i tri share 2 buddi love so im buy notic review yet well they hot burn mouth forev hot nice temp perfect us
52	4	this stock last time i look i go vermont countri store weston find along jaw harp cranberri horseradish sauc fartless black bean salsa appl cider jelli newton cradl art motion stapl vermont mapl syrup br br back ass kickin peanut they hot they activ perspir gland behind ear arm it requir beverag advertis glass cold milk box kleenex sinc make nose run they look like ordinari peanut alreadi give idea work i suspect peopl hit goodi absenc especi colleagu greg i go take work earliest opportun empti content ordinari planter peanut see whose cri whose nose run i return br br the shaken ensur spice even distribut it import wash hand consumpt touch eye br br you go nut ass kickin peanut br br p s i share peanut deliber i probabl give greg jaw harp christma he insult
53	3	use spici food south texa spici doubt much habanero use could take notch two
54	4	i roast home stove top popcorn popper i outsid cours these bean coffe bean direct green mexican altura seem well suit method the first second crack distinct i roast bean medium slight dark great result everi time the aroma strong persist the tast smooth velveti yet live
55	5	we roast larg cast iron pan grill 1 3 bag time the smell wonder roast bean tast delici more import coffe smooth bitter aftertast on numer occas send roast bean home friend like much
56	5	deal awesom arriv halloween indic enough satisfi trick treater i love qualiti product much less expens local store candi
57	5	it chocol i say great varieti everyth famili love with famili six goe fast perfect varieti kit kat rees take five
58	5	great product nice combin chocol perfect size the bag plenti ship prompt the kid neighborhood like candi
59	5	halloween i sent bag daughter class share the chocol fresh enjoy mani
60	3	watch price while assort good i get gold box purchas price br 3 4 less target
61	5	this bag candi onlin pretti expens cheaper order compet groceri store good combin favorit candi
62	1	arriv 6 day stale could eat 6 bag
63	5	i use endurolyt product sever year pill powder form long desert ride dirt bike alway found camelbak water heavili lace endurolyt powder over tasti quit effect i never got cramp sever hundr mile ride same desert race buggi camelbak alway lace powder now fizz great product first hammer endurolyt product great endur athlet world use product second conveni hand tablet dissovl fizz third tast great imagin get nice cool drink bodi starv hydrat electrolyt rather get salti tast get refresh lemon lime mango the camelbak alway get fizz i also drop tablet bottl water whenev i exercis nice flavor water chock full electrolyt i cannot recommend product hammer product high enough
64	5	this product serv well sourc electrolyt long run bike ride br i tri flavor realli like grapefruit flavor tast i actual like slight carbon br i use hammer product realli like whole product line
65	5	this stuff realli work prevent cramp middl latter stage ride pop 1 water bottl set flavor fine goe easi
66	5	for us low carb diet littl tablet thing br br two year ago i start cycl mani year heart arrhythmia longer ride high heat i drink plain water littl research thought electrolyt might issu gatorad option load carbohydr i look around low carb altern the zero carb sport drink help one day i ran across bike shop tri tube voila problem solv br br i share two friend particular whose problem leg cramp resolv use br br these guy got right superbl formul simpli work
67	2	i purchas mango flavor take like mango there hint sweet unfortun hint aftertast almost like licoric i consum various sport nutrit product decad i familiar come like tast product i tri the mango flavor one least appeal i tast it terribl bad enough i notic bad tast everi sip i take
68	3	if impuls like 6 ok don get wrong qualiti babi good i complaint but retrospect price littl ridicul esp add ship
69	5	sooooo delisci bad ate em fast gain 2 pds fault
70	5	these albanes gummi bear ring good tasti high qualiti the bear even littl face at local candi store type gummi stuff bear ring snake ball worm whatev 10 lb these twin pack 4 5 5 pound bag scream deal far i concern i probabl 50 pound deep friggin thing consum
71	5	grape gummi bear hard find area in fact pretti much anyon i talk grape gummi bear think i lie so i bought 10lbs these bear littl bit bigger brand kind sour kick noth strong i love grape flavor candi soda pretti good there anoth compani make grape gummi bear littl bit better opinion well worth price i like use gummi bear home made popsicl flavor sport drink the salt sport drink make softer popsicl gummi bear awesom frozen they delici
72	5	i order two two raspberri latic tart direct fantasicak websit dinner parti i host it arriv fresh intact veri good size i froze half later use i pastri lover best i ever tast the pastri soft jam realli good tast great they gone time my guest realli impress
73	1	buyer bewar pleas this sweeten everybodi maltitol alcohol sugar undigest bodi you know short time consum one unsuspect mani cannot digest extrem intestin bloat cramp massiv amount gas person experi nausea diarrhea headach also experienc i learn lesson hard way year ago i fell love sugar free chocol suzann sommer use sell i thought i found sugar free chocol nirvana first tast bliss short live terribl side effect maltitol kick the discomfort unlik anyth i ever felt i blew like balloon pain abdomin cramp as symptom pass unpleas though hard believ low calori sweeten could culprit symptom gone i stop eat chocol my hunch someth maltitol unfortun confirm year later i purchas delici sugar free popcorn local market the tast amaz i look label wonder could possibl make yummi new sugarfre treat tast good heart sank i follow littl asterisk next sugarfre sweeten bottom label read maltitol tini littl letter thank good i eaten littl i still end side effect much shorter durat some peopl use maltitol heart content other like bad reaction in case like maltitol
74	2	it okay i would go way buy
75	1	no tea flavor just whole brunch artifi flavor it return i wast 20 buck
76	5	these look like perfect snack trail mix unfortun arriv solid mass melt chocol i left pantri day i open room temperatur still gooey i fridg i break hunk ever sinc they tast good chocol graini melt solidifi i order onlin i see store i would pick
77	5	these tast realli good i purchas differ brand similar tast textur i agre review regard order summer there insul packag ice pack melt warm weather like chocol food item order cold weather buy enough last
78	3	the tast great berri melt may order winter if order cold weather enjoy flavor
79	5	know cannot make tea good grant south know never enjoy tea sweet without sweet tast crisp
80	5	this peppermint stick delici fun eat my dad got one christma rememb similar one i littl girl i 30 i love
81	4	great gift age i purchas giant cane recipi love much kept would eat
82	5	i know product titl say molecular gastronomi let scare i look food scienc someth earth i use make coffe creamer br br i coffe blond sweet flavor creamer full bad kind fat honest i hate use manufactur food item i realli think good bodi on hand i hate use cold milk cream i like hot coffe br br i stumbl across amazon one day got idea make creamer i also bought low fat non instant milk powder regular milk powder the non instant lowfat milk littl sweeter tast fresher regular instant low fat milk dissolv good cold water problem hot coffe you play ratio i would heavi cream made coffe rich also i think powder expens use i like mix 1 3 togeth br br for flavor i bough cocoa bean powder vanilla bean powder caster superfin sugar i mix small batch along spice like cinnamon nutmeg make flavor creamer if want could use fake sweetner powder instead i make small amount i store jelli canning jar i also use littl food chopper food processor blend everyth sugar heavier sink bottom let settl bit open top though br br this stuff tast way better storebought creamer fun experi come flavor i go tri use essenti oil next see i get good chocol orang mix br br all ingredi i mention onlin take time experi mayb use low fat milk or add flavor it also would make great housewarm host ess gift br br i sure molecular peopl abl tell i sure i experi cook main reason i bought make creamer work great
83	3	while dog like flavor tri dog food reason itch increas i tri lamb rice i itchi dog give limit ingredi dog food tri help the duck sweet potato cut itch signific tri lamb rice start itch i like natur balanc qualiti ingredi
84	3	awesom dog food howev given boston sever reaction food ingredi itch increas violent jump bed night scratch as soon i chang differ formula scratch stop so glad natur balanc choic i guess tri find best pet
85	5	we three dog love food we bought specif one dog food allergi work great hot spot tummi problem br i love ship right door free ship
86	5	my dog ton allergi environment food she prescript dog food test see allergi after got test back learn allerg someth prescript brand so i final found dog food done well she still environment trigger i happi final eat someth i know caus pain
87	5	my shepherd colli mix ib our vet recommend limit ingredi food this realli help symptom like i alway buy amazon 10 cheaper free ship
88	5	natur balanc dri dog food lamb meal brown rice recip wonder jack russel she aw food allergi food last hope last food could find someth allerg she problem eat dri normal i mix natur balanc dri lamb brown rice natur balanc wet lamb brown rice seem like better we start feed dog bichon love if dog allergi stomach issu want dog eat better food you see differ pet
89	5	great food i love idea one food age breed real conveni well realli good product my 3 dog eat less almost gas poop regular perfect consist els mom ask
90	5	i standard poodl pomeranian wonder food i switch differ food due price coupl time end go right back natur balanc
91	5	this great dog food dog sever allergi brand one feed
92	5	this food great age dog i 3 year old puppi they soft hard ever get sick the food good especi amazon prime ship
93	5	my golden retriev one picki dog i ever met after experi various type food i found love natur balanc what i realli like natur balanc fact multipl flavor dri wet varieti i mix dri food littl wet food golden love furthermor i like mix flavor time i think meal day day might get littl bore i figur i tend stay away fish type though smell br br addit i start purchas amazon petco wet food box coupl can i came home surpris realiz i could save 20 time i bought dog food i buy amazon br br all i definit recommend give stamp approv natur balanc dog food while i never eaten dog seem love
94	5	this food get pet store but deliv door and price slight less
95	5	i pleas natur balanc dog food our dog issu dog food past i someon recommend natur balanc grain free sinc possibl allerg grain sinc switch i issu it also help differ kibbl size larger smaller size dog
96	5	my 1 1 2 year old basenji jack russel mix love dog food he notic healthier energet sinc i switch standard dog food earlier year despit higher cost natur dog food i find eat signific less natur balanc dog food still stay happi full on normal dog food eat 3 cup dog food day recommend serv size wherea eat 1 cup 1 1 2 cup natur balanc dog food day when take account actual get bang buck natur dog food sinc buy much last long normal dog food healthier happier dog boot add fact get free 2 day ship amazon prime i sold
97	5	our pup experienc allergi form hotspot itch dog food the cheap buy anywher food crazi preserv caus health problem pet this food work wonder reduc allergi dog love food br this messag ramsey frankenstein approv
98	5	my english bulldog skin allergi summer got age 3 the vet recommend wean food previous owner gave iam lamb rice onto new kind this second one tri work ever sinc it dog need limit diet sensit addit protein common found commerci dog food like chicken beef
99	1	i fed golden retriev hate he eat gave terribl diarrhea we buy it also super expens
